,JobID,Link
0,57650956,https://www.stepstone.de/stellenangebote--junior-data-scientist-m-w-d-koeln-kmh-gmbh--9995441-inline.html
1,57605321,https://www.stepstone.de/stellenangebote--junior-data-scientist-m-w-d-hamburg-tui-cruises-gmbh--9847529-inline.html
2,57605323,https://www.stepstone.de/stellenangebote--junior-data-scientist-m-f-x-hamburg-tui-cruises-gmbh--9847582-inline.html
3,57608864,https://www.stepstone.de/stellenangebote--junior-data-scientist-data-analyst-w-m-d-karlsruhe-montabaur-maintal-11--9970637-inline.html
4,57181289,https://www.stepstone.de/stellenangebote--junior-data-scientist-m-w-d-risikomodelle-berlin-sparkassen-rating-und-risikosysteme-gmbh--9719073-inline.html
5,57337093,https://www.stepstone.de/stellenangebote--junior-aktuar-data-scientist-fuer-das-pricing-aktuariat-m-w-d-unterfoehring-bei-muenchen-allianz-versicherungs-ag--9804816-inline.html
73,57589129,https://www.stepstone.de/stellenangebote--junior-data-analyst-m-w-d-essen-deichmann-digital--9706249-inline.html
74,57471390,https://www.stepstone.de/stellenangebote--junior-data-analyst-data-warehouse-m-w-d-muenchen-arag-krankenversicherungs-ag--9876243-inline.html
80,57590908,https://www.stepstone.de/stellenangebote--junior-data-analyst-m-w-d-bochum-babymarkt-de-gmbh--9958745-inline.html
89,57559255,https://www.stepstone.de/stellenangebote--junior-data-analyst-m-w-d-immobilienwirtschaft-hamburg-hamburg-team-investment-management-gmbh--9933533-inline.html
93,57586120,https://www.stepstone.de/stellenangebote--junior-data-analyst-operations-m-w-d-markdorf-j-wagner-gmbh--9953498-inline.html
95,57554128,https://www.stepstone.de/stellenangebote--junior-data-analyst-derivate-m-w-d-frankfurt-am-main-wm-gruppe--9928466-inline.html
96,57586900,https://www.stepstone.de/stellenangebote--data-business-analyst-m-w-d-junior-berlin-esteve-pharmaceuticals-gmbh--9954171-inline.html
97,57318321,https://www.stepstone.de/stellenangebote--junior-architekt-data-analytics-wmd-muenchen-adac--9798017-inline.html
99,57587420,https://www.stepstone.de/stellenangebote--junior-project-manager-m-w-d-data-intelligence-analytics-essen-deichmann-se--9954122-inline.html
106,57560440,https://www.stepstone.de/stellenangebote--junior-data-analyst-online-marketing-w-m-d-herne-stadt-parfuemerie-pieper-gmbh--9935399-inline.html
107,57118433,https://www.stepstone.de/stellenangebote--junior-data-quality-business-analyst-expert-m-f-x-muenchen-zeiss--9437236-inline.html
746,57440646,https://www.stepstone.de/stellenangebote--junior-projektmanagerin-m-w-d-datenanalyse-duesseldorf-rp-logistik-gmbh--9859129-inline.html
870,57531679,https://www.stepstone.de/stellenangebote--junior-treasury-analyst-m-w-d-salzburg-benteler-international-ag--9913630-inline.html
1159,57489858,https://www.stepstone.de/stellenangebote--junior-kreditanalyst-m-w-d-duesseldorf-oder-bundesweit-im-homeoffice-leaseplan-deutschland-gmbh--9664925-inline.html
1163,57604341,https://www.stepstone.de/stellenangebote--junior-security-analyst-m-w-d-kirchdorf-oberopfingen-liebherr-it-services-gmbh--9964955-inline.html
1195,57549695,https://www.stepstone.de/stellenangebote--junior-analyst-m-w-d-hamburg-hih-invest-real-estate-gmbh--9924862-inline.html
1309,57546812,https://www.stepstone.de/stellenangebote--junior-business-analyst-m-w-d-ludwigshafen-process-automation-solutions-gmbh--9387059-inline.html
1319,57640524,https://www.stepstone.de/stellenangebote--junior-business-analyst-m-w-d-berlin-gbi-development-gmbh--9994976-inline.html
1367,57512322,https://www.stepstone.de/stellenangebote--junior-analyst-refinanzierung-m-w-d-koeln-abcbank-gmbh--9633904-inline.html
1376,55747653,https://www.stepstone.de/stellenangebote--junior-kreditreferent-risikoanalyse-m-w-d-koeln-abcbank-gmbh--8955251-inline.html
1436,56440649,https://www.stepstone.de/stellenangebote--junior-business-analyst-risikomanagement-m-w-d-alle-standorte-berlin-frankfurt-am-main-hamburg-koeln-leipzig-muenchen-iss-software-gmbh--9317721-inline.html
1449,56407993,https://www.stepstone.de/stellenangebote--junior-cloud-business-analyst-m-w-d-berlin-frankfurt-am-main-hamburg-koeln-leipzig-muenchen-sopra-steria--9294168-inline.html
1471,57359135,https://www.stepstone.de/stellenangebote--junior-it-business-analyst-w-m-d-bundesweit-cas-ag--9691620-inline.html
1495,57529023,https://www.stepstone.de/stellenangebote--junior-it-business-analyst-gn-home-office-hamburg-bankpower-gmbh--9911761-inline.html
1528,57589423,https://www.stepstone.de/stellenangebote--junior-analyst-gn-rating-direktvermittlung-koeln-bankpower-gmbh--9955106-inline.html
1544,57626966,https://www.stepstone.de/stellenangebote--it-junior-business-analyst-m-w-d-bad-schoenborn-bei-karlsruhe-terex-deutschland-gmbh--8230736-inline.html
1620,57600008,https://www.stepstone.de/stellenangebote--junior-business-analyst-m-w-d-wholesale-neuss-mobilize-financial-services--9960136-inline.html
1621,57591084,https://www.stepstone.de/stellenangebote--junior-controller-financial-analyst-w-m-d-stuttgart-drees-sommer-se--9958814-inline.html
1629,57573317,https://www.stepstone.de/stellenangebote--junior-controller-business-analyst-m-w-d-neckarsulm-lidl-digital--9939694-inline.html
1663,57603668,https://www.stepstone.de/stellenangebote--junior-financial-analyst-all-gender-hamburg-mediabrands-gmbh--9555808-inline.html
1828,57610754,https://www.stepstone.de/stellenangebote--junior-analyst-all-genders-geldwaesche-koeln-darmstadt-duesseldorf-home-office-kaufland-e-commerce--9971237-inline.html
1835,57531442,https://www.stepstone.de/stellenangebote--junior-finance-analyst-bei-burdainternational-m-w-d-muenchen-hubert-burda-media--9912611-inline.html
1837,57527909,https://www.stepstone.de/stellenangebote--junior-controller-analyst-in-der-immobilienwirtschaft-m-w-d-hamburg-vonovia--9546880-inline.html
1847,57531562,https://www.stepstone.de/stellenangebote--junior-investment-analyst-m-w-d-muenchen-fonds-finanz-maklerservice-gmbh--9913550-inline.html
1864,57573257,https://www.stepstone.de/stellenangebote--junior-cybersecurity-analyst-soc-m-w-d-duesseldorf-rheinmetall-it-solutions-gmbh--9615925-inline.html
2030,56254931,https://www.stepstone.de/stellenangebote--junior-analyst-anti-money-laundering-m-w-d-berlin-frankfurt-am-main-hamburg-koeln-leipzig-muenchen-sopra-steria--7972486-inline.html
2248,57533513,https://www.stepstone.de/stellenangebote--junior-analyst-m-w-d-sox-compliance-processes-langen-hessen-henry-schein-services-gmbh--9915320-inline.html
2264,57482141,https://www.stepstone.de/stellenangebote--junior-it-business-analystin-fuer-unsere-wertpapier-depotfuehrung-frankfurt-am-main-union-investment--9879089-inline.html
2301,57572671,https://www.stepstone.de/stellenangebote--junior-financial-analyst-analytics-internal-disclosure-m-w-d-bad-homburg-bei-frankfurt-fresenius-kabi--9940845-inline.html
2334,57560287,https://www.stepstone.de/stellenangebote--junior-analyst-m-w-d-projektfinanzierung-erneuerbare-energien-muenchen-qair-deutschland-gmbh--9935201-inline.html
2372,57527893,https://www.stepstone.de/stellenangebote--junior-analyst-m-f-d-fokus-automobilmarkt-hamburg-statista-gmbh--9912189-inline.html
2511,57522003,https://www.stepstone.de/stellenangebote--junior-experte-people-analytics-i-hr-controlling-m-w-d-duesseldorf-arag-se--9905468-inline.html
2574,57623601,https://www.stepstone.de/stellenangebote--junior-financial-analyst-m-w-d-im-bereich-service-controlling-offenburg-hobart-gmbh--9463402-inline.html
2587,57541977,https://www.stepstone.de/stellenangebote--business-analysten-junior-oder-senior-w-m-d-in-voll-oder-teilzeit-in-neuss-neuss-verband-creditreform--9258440-inline.html
2663,57650137,https://www.stepstone.de/stellenangebote--junior-it-security-analystin-im-bereich-product-security-w-m-d-koeln-ulm-hensoldt--9995546-inline.html
6515,57674818,https://www.stepstone.de/stellenangebote--junior-controller-junior-financial-analyst-m-w-d-hechingen-jotec-gmbh--10010982-inline.html
6528,57672610,https://www.stepstone.de/stellenangebote--junior-analyst-finanzkriminalitaet-bank-m-w-x-berlin-hr-universal-gmbh--10009525-inline.html
6531,57671584,https://www.stepstone.de/stellenangebote--junior-analyst-statista-q-business-analysis-m-w-d-hamburg-statista-gmbh--9870422-inline.html
6561,57678588,https://www.stepstone.de/stellenangebote--Junior-Kreditanalyst-m-w-d-Bad-Homburg-v-d-Hoehe-bei-Frankfurt-am-Main-Deutsche-Leasing-AG--10016131-inline.html?lang=de&rewrite=1&cid=partner_personalmarkt___1-gde-114-20253&tsl=PA_PMSG_GDE_1019839
6562,57679870,https://www.stepstone.de/stellenangebote--junior-kreditanalyst-m-w-d-mainz-am-rhein-mainzer-volksbank-eg--10015986-inline.html
6575,57695860,https://www.stepstone.de/stellenangebote--junior-aktuar-data-scientist-fuer-das-pricing-aktuariat-m-w-d-unterfoehring-bei-muenchen-allianz-versicherungs-ag--10024814-inline.html
6585,57697571,https://www.stepstone.de/stellenangebote--junior-marketing-analytics-manager-w-m-d-muenchen-futrue-gmbh--10027358-inline.html
6608,57683259,https://www.stepstone.de/stellenangebote--junior-credit-analyst-m-w-d-in-vollzeit-teilzeit-dreieich-wuerth-truck-lease-gmbh--10019684-inline.html
6609,57676415,https://www.stepstone.de/stellenangebote--junior-crm-analyst-m-w-d-neu-isenburg-stellantis-financial-services--10013883-inline.html
6610,57680786,https://www.stepstone.de/stellenangebote--junior-investment-analyst-m-w-d-muenchen-fonds-finanz-maklerservice-gmbh--10017422-inline.html
6618,57699802,https://www.stepstone.de/stellenangebote--junior-online-marketing-analyst-m-w-d-biebergemuend-engelbert-strauss-gmbh-co-kg--10028941-inline.html
6624,57675209,https://www.stepstone.de/stellenangebote--junior-quality-analyst-m-w-d-fuer-beratungsprojekte-osnabrueck-muuuh-consulting--10011015-inline.html
6626,57658903,https://www.stepstone.de/stellenangebote--junior-business-analyst-m-w-d-e-government-und-digitalisierung-berlin-koeln-duesseldorf-cgi-deutschland-b-v-co-kg--10002757-inline.html
6627,57658102,https://www.stepstone.de/stellenangebote--Junior-Analyst-Revenue-Management-w-m-d-fuer-die-Marke-Mein-SchiffR-Hamburg-TUI-Cruises-GmbH--9764842-inline.html?lang=de&rewrite=1&cid=partner_personalmarkt___1-gde-114-20253&tsl=PA_PMSG_GDE_1011733
6628,57683779,https://www.stepstone.de/stellenangebote--junior-controller-business-analyst-m-w-d-insurtech-hamburg-check24--10020246-inline.html
6629,57656259,https://www.stepstone.de/stellenangebote--junior-demand-planner-scm-analyst-m-f-d-hamburg-montblanc-simplo-gmbh--9996721-inline.html
6635,57658639,https://www.stepstone.de/stellenangebote--junior-business-analyst-supply-chain-e-commerce-m-w-d-koeln-rewe--10003362-inline.html
7352,57722675,https://www.stepstone.de/stellenangebote--junior-analyst-gn-rating-direktvermittlung-koeln-bankpower-gmbh--10045221-inline.html
7499,57730159,https://www.stepstone.de/stellenangebote--junior-data-analyst-hannover-hdi-ag--10053277-inline.html
7500,57735168,https://www.stepstone.de/stellenangebote--junior-data-analyst-m-w-d-quality-management-winnenden-bei-stuttgart-alfred-kaercher-se-co-kg--10057056-inline.html
7681,57766251,https://www.stepstone.de/stellenangebote--junior-data-analyst-logistik-produktion-m-w-d-bad-hersfeld-libri-gmbh--10066509-inline.html
7692,57742428,https://www.stepstone.de/stellenangebote--junior-marktanalyst-simulationsloesungen-m-w-d-karlsruhe-stuttgart-braunschweig-muenchen-frankfurt-a-m-ipg-automotive-gmbh--10065153-inline.html
7704,57741106,https://www.stepstone.de/stellenangebote--junior-controller-business-analyst-m-w-d-neckarsulm-lidl-digital--10062179-inline.html
7706,57728084,https://jobs.meinestadt.de/deutschland/premium?id=100002221789&ref=266&tmp=100002221789&ecid=affiliate.b2c.gehaltde.paid.push.jobs.nn.266.nn.
7707,57743359,https://www.stepstone.de/stellenangebote--junior-business-controller-fpa-analyst-gn-leverkusen-duesseldorf-hapeko-hanseatisches-personalkontor-gmbh--10064218-inline.html
7708,57700284,https://www.stepstone.de/stellenangebote--junior-analyst-m-w-d-kreditrisiko-c24-bank-frankfurt-am-main-check24--10028874-inline.html
7810,57791394,https://www.stepstone.de/stellenangebote--junior-performance-data-analyst-m-w-d-essen-intrum-deutschland-gmbh--10090973-inline.html
7823,57781541,https://www.stepstone.de/stellenangebote--junior-analyst-in-asset-management-neu-isenburg-viridium-gruppe--10085695-inline.html
7824,57781707,https://www.stepstone.de/stellenangebote--junior-analyst-in-asset-management-leverkusen-viridium-gruppe--10085715-inline.html
7831,57778158,https://www.stepstone.de/stellenangebote--junior-business-analyst-in-fuer-enterprise-projekte-hannover-hannover-rueck-se--10083069-inline.html
7834,57784737,https://www.stepstone.de/stellenangebote--junior-prozessanalyst-it-modellierer-gn-ottobrunn-bei-muenchen-dresden-hamburg-koblenz-iabg-industrieanlagen-betriebsgesellschaft-mbh--10088671-inline.html
7835,57785741,https://www.stepstone.de/stellenangebote--junior-business-analyst-m-w-d-accounts-payable-koeln-freiburg-deutsche-post-ag--10087988-inline.html
7836,57776857,https://www.stepstone.de/stellenangebote--junior-treasury-analyst-m-f-d-solar-trade-muenchen-tuebingen-baywa-r-e-ag--10082196-inline.html
8192,57825783,https://www.stepstone.de/stellenangebote--junior-market-data-analyst-m-w-d-hamburg-bode-chemie-gmbh--10110272-inline.html
8562,57830086,https://www.stepstone.de/stellenangebote--junior-kreditanalyst-m-w-d-duesseldorf-bundesweit-home-office-leaseplan-deutschland-gmbh--10113364-inline.html
8581,57851664,https://www.stepstone.de/stellenangebote--junior-data-analyst-m-w-x-guetersloh-arvato--10123180-inline.html
8582,57850746,https://www.stepstone.de/stellenangebote--junior-kreditanalyst-m-w-d-hamburg-ifb-hamburg-hamburgische-investitions-und-foerderbank--10122775-inline.html
8587,57852607,https://www.stepstone.de/stellenangebote--junior-aktuar-data-scientist-fuer-das-pricing-aktuariat-m-w-d-unterfoehring-bei-muenchen-allianz-versicherungs-ag--10126956-inline.html
8594,57852804,https://www.stepstone.de/stellenangebote--junior-data-analyst-all-genders-muenchen-leica-camera-ag--10126881-inline.html
8596,57852453,https://www.stepstone.de/stellenangebote--junior-financial-analyst-w-m-d-koetz-al-ko-vehicle-technology-group-gmbh--10126001-inline.html
8739,57866343,https://www.stepstone.de/stellenangebote--junior-vertriebscontroller-junior-business-analyst-m-w-d-gruenwald-montana-energie-handel-gmbh-co-kg--10139561-inline.html
8804,57846663,https://www.stepstone.de/stellenangebote--junior-risiko-analyst-w-m-d-hamburg-neumann-gruppe-gmbh--10119445-inline.html
8905,57899958,https://www.stepstone.de/stellenangebote--junior-kreditanalyst-real-estate-infrastructure-m-w-d-frankfurt-amadeus-fire-ag--10159122-inline.html
8907,57926332,https://www.stepstone.de/stellenangebote--junior-digital-analyst-m-w-d-berlin-cornelsen-verlag-gmbh--10169078-inline.html
8909,57893690,https://www.stepstone.de/stellenangebote--junior-analyst-m-w-d-logistik-burgwedel-bei-hannover-rossmann-logistikgesellschaft-mbh--10153684-inline.html
8920,57954555,https://www.stepstone.de/stellenangebote--junior-financial-analyst-m-w-d-hamburg-deutsche-giganetz-gmbh--10188277-inline.html
8936,57939955,https://www.stepstone.de/stellenangebote--junior-beteiligungscontroller-analyst-industrieholding-m-w-d-thayngen-rieker-holding-ag--10180854-inline.html
8941,57809183,https://www.stepstone.de/stellenangebote--junior-business-analyst-m-w-d-sachversicherung-dortmund-continentale-sachversicherung-ag--10101114-inline.html
8942,57872306,https://www.stepstone.de/stellenangebote--junior-online-marketing-analyst-m-w-d-biebergemuend-engelbert-strauss-gmbh-co-kg--10140676-inline.html
8943,57825512,https://www.stepstone.de/stellenangebote--Junior-Category-Insights-Analyst-m-w-d-Euskirchen-Nestle-Purina-PetCare-Deutschland-GmbH--10106399-inline.html?lang=de&rewrite=1&cid=partner_personalmarkt___1-gde-114-20253&tsl=PA_PMSG_GDE_1005417
8947,57898707,https://www.stepstone.de/stellenangebote--junior-it-analyst-energiewirtschaft-mwd-frankfurt-am-main-suewag-energie-ag--10155861-inline.html
8948,57954496,https://www.stepstone.de/stellenangebote--junior-business-pricing-analyst-m-w-d-duesseldorf-metro-deutschland-gmbh--10188971-inline.html
8949,57858606,https://www.stepstone.de/stellenangebote--junior-market-research-analyst-m-w-d-hamburg-nielsen--10132181-inline.html
8952,57857077,https://www.stepstone.de/stellenangebote--junior-business-analyst-m-w-x-mit-schwerpunkt-business-intelligence-berlin-medicover-gmbh--10131023-inline.html
8953,57846852,https://www.stepstone.de/stellenangebote--junior-business-analyst-m-w-d-innovationsprojekte-im-retail-hamburg-mercuri-urval-gmbh--10122589-inline.html
8954,57889490,https://www.stepstone.de/stellenangebote--junior-analyst-im-bereich-portfoliomanagement-managerselektion-w-m-d-bad-homburg-hq-trust-gmbh--10149581-inline.html
8955,57879465,https://www.stepstone.de/stellenangebote--junior-analyst-team-und-analytik-assistenz-m-w-d-muenchen-bayerische-krankenhausgesellschaft-e-v-bkg--10143538-inline.html
8956,57955525,https://www.stepstone.de/stellenangebote--junior-analyst-financial-modelling-m-w-d-erneuerbare-energien-bremen-wpd-onshore-gmbh-co-kg--10186874-inline.html
8957,57927676,https://www.stepstone.de/stellenangebote--junior-it-business-analystin-in-der-depotverwaltung-direkteinstiegpro-frankfurt-am-main-union-investment--10171714-inline.html
8958,57945395,https://www.stepstone.de/stellenangebote--junior-quantitive-analyst-m-w-d-im-bereich-risikocontrolling-stuttgart-lbbw-landesbank-baden-wuerttemberg--10186545-inline.html
8959,57870892,https://www.stepstone.de/stellenangebote--junior-quantitative-analyst-m-w-d-im-bereich-risikocontrolling-stuttgart-suedleasing-gmbh--10142315-inline.html
8960,57867983,https://www.stepstone.de/stellenangebote--junior-analyst-forensic-investigation-fraud-prevention-m-w-d-neckarsulm-schwarz-dienstleistungen--10136834-inline.html
8968,57925452,https://www.stepstone.de/stellenangebote--junior-it-security-analystin-im-bereich-product-security-w-m-d-koeln-ulm-hensoldt--10169125-inline.html
8969,57823542,https://www.stepstone.de/stellenangebote--junior-controller-immobilienanalyst-m-w-d-immobilienoekologe-controller-immobilienfachwirt-o-ae-dortmund-harpen-immobilien-gmbh--10106368-inline.html
8970,57867533,https://www.stepstone.de/stellenangebote--junior-business-analyst-lidl-digital-logistics-sap-ewm-m-w-d-neckarsulm-schwarz-dienstleistungen--10136114-inline.html
8998,57897992,https://www.stepstone.de/stellenangebote--junior-business-analystin-mit-schwerpunkt-fondsbuchhaltung-direkteinstieg-pro-befristet-auf-2-jahre-in-voll-oder-teilzeit-moeglich-frankfurt-am-main-union-investment--10156706-inline.html
9121,57961024,https://www.stepstone.de/stellenangebote--Junior-Data-Warehouse-Engineer-Data-Scientist-m-w-d-Neumuenster-IGEFA-SE-Co-KG--10192398-inline.html?lang=de&rewrite=1&cid=partner_personalmarkt___1-gde-114-20253&tsl=PA_PMSG_GDE_2007271
9130,57965561,https://www.stepstone.de/stellenangebote--junior-business-process-analyst-master-data-f-m-d-heidenheim-paul-hartmann-ag--10193682-inline.html
9131,57966993,https://www.stepstone.de/stellenangebote--junior-performance-data-analyst-m-w-d-essen-intrum-deutschland-gmbh--10194720-inline.html
9152,57972112,https://www.stepstone.de/stellenangebote--junior-analytical-scientist-m-w-d-troisdorf-naehe-koeln-bonn-madaus-gmbh-a-viatris-company--10198641-inline.html
9163,58020095,https://www.stepstone.de/stellenangebote--junior-data-analyst-data-lake-m-w-d-fuer-den-bereich-operations-verwahrstelle-frankfurt-am-main-dz-bank-ag--10223726-inline.html
9528,57990023,https://www.stepstone.de/stellenangebote--junior-risk-analyst-w-m-d-frankfurt-am-main-ing-deutschland--10203637-inline.html
9545,58006467,https://www.stepstone.de/stellenangebote--junior-analyst-ecommerce-gn-bornheim-bei-landau-pfalz-hornbach-baumarkt-ag--10205527-inline.html
9550,58006117,https://www.stepstone.de/stellenangebote--junior-research-analyst-w-m-d-berlin-frankfurt-hamburg-leipzig-kpmg-ag-wirtschaftspruefungsgesellschaft--10214583-inline.html
9956,57904044,https://www.stepstone.de/stellenangebote--junior-controller-business-analyst-m-w-d-neckarsulm-lidl-digital--10165275-inline.html
9967,57835054,https://www.stepstone.de/stellenangebote--junior-analyst-finanzkriminalitaet-bank-m-w-d-berlin-hr-universal-gmbh--10118903-inline.html
10010,57856177,https://www.stepstone.de/stellenangebote--junior-analyst-m-w-d-im-bereich-rating-koeln-gbb-rating-gesellschaft-fuer-bonitaetsbeurteilung-mbh--8817721-inline.html
10015,58021128,https://www.stepstone.de/stellenangebote--junior-manager-geschaeftsfeldanalyse-produktentwicklung-m-w-d-heidelberg-hik-gmbh--10227225-inline.html
10020,57959213,https://www.stepstone.de/stellenangebote--junior-business-analyst-development-m-w-d-muenchen-bertrandt-ag--10192056-inline.html
10132,57961032,https://www.stepstone.de/stellenangebote--junior-analyst-produktentwicklung-krankenversicherung-m-w-d-muenchen-arag-krankenversicherungs-ag--9569334-inline.html
10171,57985155,https://www.stepstone.de/stellenangebote--junior-indirect-tax-analyst-m-w-d-hamburg-varo-energy-germany-gmbh--10201297-inline.html
10311,57993585,https://www.stepstone.de/stellenangebote--junior-sales-analyst-dashboard-manager-m-w-d-burgwedel-bei-hannover-dirk-rossmann-gmbh--10206758-inline.html
10407,57743430,https://www.stepstone.de/stellenangebote--junior-online-marketing-manager-schwerpunkt-analytics-gn-coesfeld-lette-bei-muenster-ernstings-family--10063673-inline.html
10588,58022297,https://www.stepstone.de/stellenangebote--junior-digital-analyst-w-m-d-e-commerce-hamburg-otto-gmbh-co-kg--10226134-inline.html
10611,57959664,https://www.stepstone.de/stellenangebote--junior-analyst-meldewesen-mit-schwerpunkt-statistische-meldungen-m-w-d-hannover-nord-lb-norddeutsche-landesbank--10191987-inline.html
10839,58020284,https://www.stepstone.de/stellenangebote--financial-analyst-junior-controllerin-business-unit-home-tech-mainz-schott-ag--10222638-inline.html
10843,57964912,https://www.stepstone.de/stellenangebote--junior-business-analyst-supply-chain-e-commerce-m-w-d-koeln-rewe--10194193-inline.html
12831,58038950,https://www.stepstone.de/stellenangebote--junior-controller-business-analyst-m-w-d-georgsmarienhuette-hapeko-hanseatisches-personalkontor-gmbh--10237371-inline.html
12839,58063442,https://www.stepstone.de/stellenangebote--junior-quantitative-analyst-trading-m-f-d-hamburg-mabanaft-gmbh-co-kg--10249448-inline.html
12841,58045201,https://www.stepstone.de/stellenangebote--junior-analyst-forensic-investigation-fraud-prevention-m-w-d-neckarsulm-schwarz-dienstleistungen--10242514-inline.html
12845,58045270,https://www.stepstone.de/stellenangebote--junior-business-analyst-lidl-digital-logistics-sap-ewm-m-w-d-neckarsulm-schwarz-dienstleistungen--10242512-inline.html
13128,58139385,https://www.stepstone.de/stellenangebote--assistenz-oder-junior-data-analyst-financial-controlling-m-w-d-frankfurt-am-main-formmed-health-care-gmbh--10296413-inline.html
13146,58157892,https://www.stepstone.de/stellenangebote--junior-controller-finanzanalyst-m-w-d-bonn-vnr-group--10354384-inline.html
13147,58158238,https://www.stepstone.de/stellenangebote--junior-financial-analyst-m-w-d-hamburg-hermes-germany-gmbh--10355131-inline.html
13151,58155354,https://www.stepstone.de/stellenangebote--junior-controller-financial-analyst-w-m-d-stuttgart-drees-sommer-se--10351571-inline.html
13156,58083649,https://www.stepstone.de/stellenangebote--junior-business-analyst-m-w-d-wien-e-on-energie-deutschland-gmbh--10263778-inline.html
13157,58154427,https://www.stepstone.de/stellenangebote--junior-analyst-in-instandhaltungsmanagement-frankfurt-main-deutsche-bahn-ag--10069707-inline.html
13158,58154713,https://www.stepstone.de/stellenangebote--junior-pricing-analyst-m-w-d-hamburg-eos-holding--10352783-inline.html
13159,58154895,https://www.stepstone.de/stellenangebote--junior-transaction-analyst-m-w-d-berlin-atcp-management-gmbh--10352716-inline.html
13167,58082998,https://www.stepstone.de/stellenangebote--junior-it-security-analyst-w-m-d-berlin-duisburg-transdev-gmbh--10263558-inline.html
13168,58093064,https://www.stepstone.de/stellenangebote--junior-controller-business-analyst-m-w-d-neckarsulm-lidl-digital--10267055-inline.html
13169,58126204,https://www.stepstone.de/stellenangebote--junior-it-business-analyst-m-w-d-muelheim-an-der-ruhr-hamburg-aon--10283506-inline.html
13170,58151207,https://www.stepstone.de/stellenangebote--junior-business-analyst-in-fuer-enterprise-projekte-hannover-hannover-rueck-se--10342167-inline.html
13175,58158739,https://www.stepstone.de/stellenangebote--junior-business-pricing-analyst-m-w-d-duesseldorf-metro-deutschland-gmbh--10353626-inline.html
13177,58075419,https://www.stepstone.de/stellenangebote--junior-risk-analyst-credit-risk-w-m-d-frankfurt-am-main-ing-deutschland--10253960-inline.html
13178,58153907,https://www.stepstone.de/stellenangebote--junior-analyst-digital-review-team-deutschsprachig-m-w-d-vinlius-western-union--10346823-inline.html
13179,58113720,https://www.stepstone.de/stellenangebote--junior-business-analyst-m-w-d-kredite-c24-bank-frankfurt-check24--10279978-inline.html
13180,58078235,https://www.stepstone.de/stellenangebote--junior-analyst-m-w-d-kreditrisiko-c24-bank-frankfurt-check24--10256742-inline.html
13296,58185276,https://www.stepstone.de/stellenangebote--junior-data-analytics-automation-specialist-m-w-d-frankfurt-am-main-merz-consumer-care-gmbh--10375216-inline.html
13422,58187295,https://www.stepstone.de/stellenangebote--junior-financial-analyst-m-w-d-hamburg-hermes-germany-gmbh--10376821-inline.html
13423,58195922,https://www.stepstone.de/stellenangebote--junior-aktuar-data-scientist-fuer-das-pricing-aktuariat-m-w-d-unterfoehring-bei-muenchen-allianz-versicherungs-ag--10384207-inline.html
13544,58157946,https://www.stepstone.de/stellenangebote--junior-analytiker-in-leipzig-wig2-gmbh--10353730-inline.html
13672,58193067,https://www.stepstone.de/stellenangebote--junior-produktmanager-gasanalysentechnik-m-w-d-ratingen-buehler-technologies-gmbh--10360566-inline.html
14393,58170042,https://www.stepstone.de/stellenangebote--junior-indirect-tax-analyst-m-w-d-hamburg-varo-energy-germany-gmbh--10370472-inline.html
14402,58192702,https://www.stepstone.de/stellenangebote--junior-it-analyst-energiewirtschaft-mwd-frankfurt-am-main-suewag-energie-ag--10381163-inline.html
14541,58171031,https://www.stepstone.de/stellenangebote--junior-sales-controller-business-analyst-m-w-d-hamburg-elis-deutschland--10370479-inline.html
14605,58114163,https://www.stepstone.de/stellenangebote--junior-professional-digitale-wettbewerbs-und-sonderanalysen-m-w-d-neckarsulm-schwarz-dienstleistungen--10280376-inline.html
14767,58194932,https://www.stepstone.de/stellenangebote--junior-business-analyst-m-w-d-im-lead-management-duesseldorf-stepstone-gmbh--10384511-inline.html
15490,58197662,https://www.stepstone.de/stellenangebote--junior-manager-m-w-d-sales-business-planning-and-analysis-with-affinity-for-business-intelligence-tools-and-data-visualisation-muenchen-denk-pharma-gmbh-co-kg--10389207-inline.html
15498,58207385,https://www.stepstone.de/stellenangebote--junior-data-analyst-m-w-d-muenchen-territory-gmbh--10395276-inline.html
15554,58225626,https://www.stepstone.de/stellenangebote--Junior-Sustainability-Data-Analyst-Controller-m-w-x-Oberkochen-Baden-Wuerttemberg-ZEISS--10407314-inline.html?lang=de&rewrite=1&cid=partner_personalmarkt___1-gde-114-20253&tsl=PA_PMSG_GDE_1008976
15561,58209654,https://www.stepstone.de/stellenangebote--junior-business-analyst-m-w-d-home-office-bad-hersfeld-ludwigsburg-hamburg-dortmund-remira-group-gmbh--10399637-inline.html
15563,58220964,https://www.stepstone.de/stellenangebote--junior-vertriebscontroller-business-analyst-w-m-d-oberkraemer-freenet-shop-gmbh--10400155-inline.html
15572,58206729,https://www.stepstone.de/stellenangebote--junior-market-research-analyst-m-w-d-hamburg-nielsen--10395652-inline.html
15574,58207640,https://www.stepstone.de/stellenangebote--junior-business-analyst-m-w-d-im-lead-management-duesseldorf-stepstone-gmbh--10394888-inline.html
15578,58168308,https://www.stepstone.de/stellenangebote--junior-client-analyst-m-w-d-im-client-credit-management-team-institutional-banking-frankfurt-seb-ab-frankfurt-branch--10363684-inline.html
15579,58198708,https://www.stepstone.de/stellenangebote--junior-it-business-analystin-in-der-depotverwaltung-direkteinstiegpro-in-voll-oder-teilzeit-frankfurt-am-main-union-investment--10171714-inline.html
15697,58246924,https://www.stepstone.de/stellenangebote--junior-data-analyst-w-m-d-wiesbaden-schufa-holding-ag--10432388-inline.html
15698,58248027,https://www.stepstone.de/stellenangebote--junior-marketing-data-analyst-m-w-d-kerpen-bei-koeln-megabad-gmbh--10433761-inline.html
15699,58249539,https://www.stepstone.de/stellenangebote--junior-financial-analyst-m-w-d-hamburg-hermes-germany-gmbh--10436058-inline.html
15705,58232653,https://www.stepstone.de/stellenangebote--junior-hr-analystin-m-w-d-freiburg-universitaetsklinikum-freiburg--10420495-inline.html
15706,58234359,https://www.stepstone.de/stellenangebote--junior-business-analyst-m-w-d-muenchen-reply--10421823-inline.html
15708,58238724,https://www.stepstone.de/stellenangebote--junior-business-development-analyst-w-m-d-maulburg-bei-freiburg-endress-hauser-se-co-kg--9115236-inline.html
15711,58239229,https://www.stepstone.de/stellenangebote--junior-anti-piracy-analyst-in-w-m-d-frankfurt-am-main-dfl-deutsche-fussball-liga-gmbh--10428396-inline.html
